{"schemaVersion":"1.0","appDefinitionTemplate":{"id":"/providers/Microsoft.PowerApps/apps/","type":"Microsoft.PowerApps/apps","tags":{"primaryDeviceWidth":"640","primaryDeviceHeight":"1136","sienaVersion":"20220227T114546Z-3.22021.27.0","deviceCapabilities":"","supportsPortrait":"true","supportsLandscape":"true","primaryFormFactor":"Phone","publisherVersion":"3.22021.27","minimumRequiredApiVersion":"2.2.0","hasComponent":"false","hasUnlockedComponent":"false","isUnifiedRootApp":"false"},"properties":{"appVersion":"2022-02-27T11:45:46Z","lifeCycleId":"Published","createdByClientVersion":{"major":3,"minor":22021,"build":27,"revision":0,"majorRevision":0,"minorRevision":0},"minClientVersion":{"major":3,"minor":22021,"build":27,"revision":0,"majorRevision":0,"minorRevision":0},"backgroundColor":"rgba(151, 0, 0, 1)","backgroundImageUri":"/13249853253615419162/N77c6709e-2036-42ed-82e2-d4ac9e6897e9-logoSmallFile","displayName":"HokieWatch","description":"Providing Financial Planning Tool to Virginia Tech Students","commitMessage":"","appUris":{"documentUri":{"value":"/13249853253615419162/N910d253e-dab5-4f47-8ec0-d2c5e08c47e0-document.msapp"},"imageUris":[]},"createdTime":"0001-01-01T00:00:00Z","lastModifiedTime":"0001-01-01T00:00:00Z","sharedGroupsCount":0,"sharedUsersCount":0,"icons":{"smallIconUri":"/13249853253615419162/N400ab25c-e7b1-4a82-90af-0e01cb0d6032-small.png","mediumIconUri":"/13249853253615419162/N02689a04-fd0d-49ce-9292-a87b9eeebb1a-medium.png","largeIconUri":"/13249853253615419162/Ne4745e4a-e6c4-4ba1-8e69-61ce5f3d3cef-large.png","wideIconUri":"/13249853253615419162/Ne7bf2ea7-7437-4dba-aa4f-fa2869c0d51f-wide.png"},"connectionReferences":{"2e354108-9fa5-4414-a1c9-da3db4f43ac7":{"id":"a686815e-f29e-4a5c-a192-b478b0152b32","displayName":"Office 365 Users","iconUri":"https://connectoricons-prod.azureedge.net/releases/v1.0.1551/1.0.1551.2693/office365users/icon.png","dataSources":["Office365Users"],"dependencies":[],"dependents":[],"parameterHints":{},"parameterHintsV2":{},"isOnPremiseConnection":false,"bypassConsent":false,"dataSets":{},"apiTier":"Standard","isCustomApiConnection":false},"c3398e8a-64e7-4eda-9e32-9b653314d928":{"id":"1dee31cd-3eba-44a9-bfce-3ef0137d50b1","displayName":"Gmail","iconUri":"https://connectoricons-prod.azureedge.net/releases/v1.0.1550/1.0.1550.2686/gmail/icon.png","dataSources":["Gmail"],"dependencies":[],"dependents":[],"parameterHints":{},"parameterHintsV2":{},"isOnPremiseConnection":false,"bypassConsent":false,"dataSets":{},"apiTier":"Standard","isCustomApiConnection":false,"authenticationType":"shared-application","actions":["SendEmailV2"]},"3743e054-3fad-4125-b81f-6a47467f33cc":{"id":"813f7f16-f38c-4b81-921c-ab914e1684bc","displayName":"Excel Online (Business)","iconUri":"https://connectoricons-prod.azureedge.net/releases/v1.0.1551/1.0.1551.2693/excelonlinebusiness/icon.png","dataSources":["tbl_allocated","tbl_contactUs","tbl_spent","tbl_users"],"dependencies":[],"dependents":[],"parameterHints":{},"parameterHintsV2":{},"isOnPremiseConnection":false,"bypassConsent":false,"dataSets":{"me,b%2521fchKc1NTZUitRN-WTj_gZl2ZqLRVc7pMjGmqRqva-_7qZUaRVyzjRaonAtzKezXB,01ZRTY45GGG4OV525VAZA32B3HZEXIUTKX":{"dataSources":{"tbl_allocated":{"tableName":"{5A1BFDE6-C70F-4E2E-998C-9FBB35029E1C}"},"tbl_contactUs":{"tableName":"{5FA3A70F-D950-42A7-AF81-C744D691918F}"},"tbl_spent":{"tableName":"{879DD3C0-2A86-4B8D-BC41-1E7C90230C1E}"},"tbl_users":{"tableName":"{ADA62232-2411-4EC7-9DFF-535D894F2005}"}}}},"apiTier":"Standard","isCustomApiConnection":false,"actions":["providers/PowerPlatform.Governance/Operations/Read","providers/PowerPlatform.Governance/Operations/Write"]}},"databaseReferences":{},"almMode":"Environment","performanceOptimizationEnabled":true,"canConsumeAppPass":true,"executionRestrictions":{"isTeamsOnly":false,"dataLossPreventionEvaluationResult":{"status":"Compliant","lastEvaluationDate":"2022-02-26T02:40:06.3257699Z","violations":[],"violationsByPolicy":[],"violationErrorMessage":"The app uses the following connectors: ."}}},"appType":"ClassicCanvasApp","appComponents":[]}}